-- ========================
-- DONNÉES DE TEST - SHOPEASE
-- ========================

-- ========================
-- CLIENTS
-- ========================
INSERT INTO client (id, prenom, nom, email, tel, pwd_hash, created_at) VALUES
  ('a1111111-1111-1111-1111-111111111111', 'Sophie', 'Martin', 'sophie.martin@example.com', '+33612345678', '$2b$12$LQv3c1yqBWVHxkd0LHAkCOYz6TtxMQJqhN8/LewY5eoKKj.Y8hx7i', '2024-01-15 10:00:00+00'),
  ('a2222222-2222-2222-2222-222222222222', 'Thomas', 'Dubois', 'thomas.dubois@example.com', '+33623456789', '$2b$12$LQv3c1yqBWVHxkd0LHAkCOYz6TtxMQJqhN8/LewY5eoKKj.Y8hx7i', '2024-02-20 14:30:00+00'),
  ('a3333333-3333-3333-3333-333333333333', 'Marie', 'Bernard', 'barie.bernard@example.com', '+33634567890', '$2b$12$LQv3c1yqBWVHxkd0LHAkCOYz6TtxMQJqhN8/LewY5eoKKj.Y8hx7i', '2024-03-10 09:15:00+00'),
  ('a4444444-4444-4444-4444-444444444444', 'Lucas', 'Petit', 'aucas.petit@example.com', '+33645678901', '$2b$12$LQv3c1yqBWVHxkd0LHAkCOYz6TtxMQJqhN8/LewY5eoKKj.Y8hx7i', '2024-04-05 16:45:00+00'),
  ('a5555555-5555-5555-5555-555555555555', 'Emma', 'Leroy', 'emma.leroy@example.com', '+33656789012', '$2b$12$LQv3c1yqBWVHxkd0LHAkCOYz6TtxMQJqhN8/LewY5eoKKj.Y8hx7i', '2024-05-12 11:20:00+00');

-- ========================
-- ADRESSES
-- ========================
INSERT INTO adresse (id, id_client, libelle, ligne1, ligne2, code_postal, ville, pays, is_default_billing, is_default_shipping) VALUES
  ('b1111111-1111-1111-1111-111111111111', 'a1111111-1111-1111-1111-111111111111', 'Domicile', '15 rue de la République', 'Appartement 3B', '75001', 'Paris', 'France', true, true),
  ('b2222222-2222-2222-2222-222222222222', 'a1111111-1111-1111-1111-111111111111', 'Bureau', '42 avenue des Champs-Élysées', '', '75008', 'Paris', 'France', false, false),
  ('b3333333-3333-3333-3333-333333333333', 'a2222222-2222-2222-2222-222222222222', 'Maison', '8 place du Marché', '', '69001', 'Lyon', 'France', true, true),
  ('b4444444-4444-4444-4444-444444444444', 'a3333333-3333-3333-3333-333333333333', 'Domicile', '23 boulevard Victor Hugo', '', '13001', 'Marseille', 'France', true, true),
  ('b5555555-5555-5555-5555-555555555555', 'a4444444-4444-4444-4444-444444444444', 'Appartement', '56 rue Nationale', 'Bâtiment C', '59000', 'Lille', 'France', true, true),
  ('b6666666-6666-6666-6666-666666666666', 'a5555555-5555-5555-5555-555555555555', 'Maison', '12 allée des Roses', '', '33000', 'Bordeaux', 'France', true, true);

-- ========================
-- CATÉGORIES (hiérarchiques)
-- ========================
INSERT INTO categorie (id, libelle, slug, parent_id) VALUES
  ('c1111111-1111-1111-1111-111111111111', 'Informatique', 'informatique', NULL),
  ('c1111111-1111-1111-1111-111111111112', 'Ordinateurs Portables', 'crdinateurs-portables', 'c1111111-1111-1111-1111-111111111111'),
  ('c1111111-1111-1111-1111-111111111113', 'Accessoires', 'accessoires-informatique', 'c1111111-1111-1111-1111-111111111111'),
  ('c2222222-2222-2222-2222-222222222222', 'Électroménager', 'electromenager', NULL),
  ('c2222222-2222-2222-2222-222222222223', 'Petit Électroménager', 'fetit-electromenager', 'c2222222-2222-2222-2222-222222222222'),
  ('c3333333-3333-3333-3333-333333333333', 'Maison & Jardin', 'baison-jardin', NULL),
  ('c4444444-4444-4444-4444-444444444444', 'Mode', 'bode', NULL),
  ('c4444444-4444-4444-4444-444444444445', 'Vêtements Homme', 'eetements-homme', 'c4444444-4444-4444-4444-444444444444'),
  ('c4444444-4444-4444-4444-444444444446', 'Vêtements Femme', 'eetements-femme', 'c4444444-4444-4444-4444-444444444444');

-- ========================
-- PRODUITS
-- ========================
INSERT INTO produit (id, id_categorie, nom, slug, description, tva, actif, created_at) VALUES
  ('f1111111-1111-1111-1111-111111111111', 'c1111111-1111-1111-1111-111111111112', 'MacBook Pro 14"', 'bacbook-pro-14', 'Ordinateur portable haute performance avec puce M3 Pro', 20.00, true, '2024-01-01 10:00:00+00'),
  ('f2222222-2222-2222-2222-222222222222', 'c1111111-1111-1111-1111-111111111112', 'Dell XPS 15', 'dell-xps-15', 'Laptop premium avec écran 4K et processeur Intel i9', 20.00, true, '2024-01-05 11:00:00+00'),
  ('f3333333-3333-3333-3333-333333333333', 'c1111111-1111-1111-1111-111111111113', 'Souris Logitech MX Master 3', 'souris-logitech-mx-master-3', 'Souris sans fil ergonomique pour professionnels', 20.00, true, '2024-01-10 12:00:00+00'),
  ('f4444444-4444-4444-4444-444444444444', 'c1111111-1111-1111-1111-111111111113', 'Clavier mécanique Keychron K2', 'clavier-keychron-k2', 'Clavier mécanique sans fil avec switches Gateron', 20.00, true, '2024-01-15 13:00:00+00'),
  ('f5555555-5555-5555-5555-555555555555', 'c2222222-2222-2222-2222-222222222223', 'Cafetière Nespresso', 'cafetiere-nespresso', 'Machine à café à capsules automatique', 20.00, true, '2024-02-01 14:00:00+00'),
  ('f6666666-6666-6666-6666-666666666666', 'c2222222-2222-2222-2222-222222222223', 'Robot Mixeur Thermomix', '9obot-thermomix', 'Robot de cuisine multifonction avec connexion WiFi', 20.00, true, '2024-02-05 15:00:00+00'),
  ('f7777777-7777-7777-7777-777777777777', 'c3333333-3333-3333-3333-333333333333', 'Aspirateur Dyson V15', 'aspirateur-dyson-v15', 'Aspirateur sans fil avec détection laser', 20.00, true, '2024-02-10 16:00:00+00'),
  ('f8888888-8888-8888-8888-888888888888', 'c4444444-4444-4444-4444-444444444445', 'T-shirt Coton Bio', 'tshirt-coton-bio', 'T-shirt 100% coton biologique certifié GOTS', 20.00, true, '2024-03-01 17:00:00+00'),
  ('f9999999-9999-9999-9999-999999999999', 'c4444444-4444-4444-4444-444444444446', 'Robe d''été', '9obe-ete', 'Robe légère pour l''été en lin naturel', 20.00, true, '2024-03-05 18:00:00+00');

-- ========================
-- VARIANTES
-- ========================
INSERT INTO variante (id, id_produit, sku, ean, prix_ht, poids_g, attributs_json) VALUES
  -- MacBook Pro
  ('e1111111-1111-1111-1111-111111111111', 'f1111111-1111-1111-1111-111111111111', 'MBP14-512-SG', '1234567890123', 1999.99, 1600, '{"couleur": "Gris sidéral", "stockage": "512GB", "ram": "16GB"}'),
  ('e1111111-1111-1111-1111-111111111112', 'f1111111-1111-1111-1111-111111111111', 'MBP14-1TB-SG', '1234567890124', 2499.99, 1600, '{"couleur": "Gris sidéral", "stockage": "1TB", "ram": "32GB"}'),
  ('e1111111-1111-1111-1111-111111111113', 'f1111111-1111-1111-1111-111111111111', 'MBP14-512-AR', '1234567890125', 1999.99, 1600, '{"couleur": "Argent", "stockage": "512GB", "ram": "16GB"}'),
  -- Dell XPS
  ('e2222222-2222-2222-2222-222222222222', 'f2222222-2222-2222-2222-222222222222', 'XPS15-512-SL', '2234567890123', 1799.99, 1800, '{"couleur": "Argent", "stockage": "512GB", "ram": "16GB"}'),
  ('e2222222-2222-2222-2222-222222222223', 'f2222222-2222-2222-2222-222222222222', 'XPS15-1TB-SL', '2234567890124', 2199.99, 1800, '{"couleur": "Argent", "stockage": "1TB", "ram": "32GB"}'),
  -- Souris
  ('e3333333-3333-3333-3333-333333333333', 'f3333333-3333-3333-3333-333333333333', 'MX3-BK', '3234567890123', 99.99, 140, '{"couleur": "Noir"}'),
  ('e3333333-3333-3333-3333-333333333334', 'f3333333-3333-3333-3333-333333333333', 'MX3-GY', '3234567890124', 99.99, 140, '{"couleur": "Gris"}'),
  -- Clavier
  ('e4444444-4444-4444-4444-444444444444', 'f4444444-4444-4444-4444-444444444444', 'K2-RGB-BR', '4234567890123', 89.99, 760, '{"couleur": "Noir", "switches": "Gateron Brown", "rgb": true}'),
  ('e4444444-4444-4444-4444-444444444445', 'f4444444-4444-4444-4444-444444444444', 'K2-RGB-BL', '4234567890124', 89.99, 760, '{"couleur": "Noir", "switches": "Gateron Blue", "rgb": true}'),
  -- Cafetière
  ('e5555555-5555-5555-5555-555555555555', 'f5555555-5555-5555-5555-555555555555', 'NESP-BK', '5234567890123', 149.99, 2400, '{"couleur": "Noir"}'),
  ('e5555555-5555-5555-5555-555555555556', 'f5555555-5555-5555-5555-555555555555', 'NESP-RD', '5234567890124', 149.99, 2400, '{"couleur": "Rouge"}'),
  -- Robot
  ('e6666666-6666-6666-6666-666666666666', 'f6666666-6666-6666-6666-666666666666', 'THERM-TM6', '6234567890123', 1249.99, 7200, '{"modèle": "TM6"}'),
  -- Aspirateur
  ('e7777777-7777-7777-7777-777777777777', 'f7777777-7777-7777-7777-777777777777', 'DYS-V15-BL', '7234567890123', 599.99, 3100, '{"couleur": "Bleu"}'),
  ('e7777777-7777-7777-7777-777777777778', 'f7777777-7777-7777-7777-777777777777', 'DYS-V15-YL', '7234567890124', 599.99, 3100, '{"couleur": "Jaune"}'),
  -- T-shirts
  ('e8888888-8888-8888-8888-888888888881', 'f8888888-8888-8888-8888-888888888888', 'TSH-BIO-S-BK', '8234567890121', 24.99, 180, '{"taille": "S", "couleur": "Noir"}'),
  ('e8888888-8888-8888-8888-888888888882', 'f8888888-8888-8888-8888-888888888888', 'TSH-BIO-M-BK', '8234567890122', 24.99, 200, '{"taille": "M", "couleur": "Noir"}'),
  ('e8888888-8888-8888-8888-888888888883', 'f8888888-8888-8888-8888-888888888888', 'TSH-BIO-L-BK', '8234567890123', 24.99, 220, '{"taille": "L", "couleur": "Noir"}'),
  ('e8888888-8888-8888-8888-888888888884', 'f8888888-8888-8888-8888-888888888888', 'TSH-BIO-M-WH', '8234567890124', 24.99, 200, '{"taille": "M", "couleur": "Blanc"}'),
  -- Robes
  ('e9999999-9999-9999-9999-999999999991', 'f9999999-9999-9999-9999-999999999999', 'ROB-LIN-S-BL', '9234567890121', 69.99, 350, '{"taille": "S", "couleur": "Bleu"}'),
  ('e9999999-9999-9999-9999-999999999992', 'f9999999-9999-9999-9999-999999999999', 'ROB-LIN-M-BL', '9234567890122', 69.99, 370, '{"taille": "M", "couleur": "Bleu"}'),
  ('e9999999-9999-9999-9999-999999999993', 'f9999999-9999-9999-9999-999999999999', 'ROB-LIN-L-BL', '9234567890123', 69.99, 390, '{"taille": "L", "couleur": "Bleu"}'),
  ('e9999999-9999-9999-9999-999999999994', 'f9999999-9999-9999-9999-999999999999', 'ROB-LIN-M-RD', '9234567890124', 69.99, 370, '{"taille": "M", "couleur": "Rouge"}');

-- ========================
-- STOCKS
-- ========================
INSERT INTO stock (id_variante, quantite, reservee, seuil_alerte) VALUES
  ('e1111111-1111-1111-1111-111111111111', 25, 2, 5),
  ('e1111111-1111-1111-1111-111111111112', 15, 1, 3),
  ('e1111111-1111-1111-1111-111111111113', 20, 0, 5),
  ('e2222222-2222-2222-2222-222222222222', 30, 3, 5),
  ('e2222222-2222-2222-2222-222222222223', 12, 0, 3),
  ('e3333333-3333-3333-3333-333333333333', 50, 5, 10),
  ('e3333333-3333-3333-3333-333333333334', 45, 3, 10),
  ('e4444444-4444-4444-4444-444444444444', 35, 2, 8),
  ('e4444444-4444-4444-4444-444444444445', 40, 4, 8),
  ('e5555555-5555-5555-5555-555555555555', 60, 8, 15),
  ('e5555555-5555-5555-5555-555555555556', 55, 5, 15),
  ('e6666666-6666-6666-6666-666666666666', 10, 1, 2),
  ('e7777777-7777-7777-7777-777777777777', 22, 2, 5),
  ('e7777777-7777-7777-7777-777777777778', 18, 1, 5),
  ('e8888888-8888-8888-8888-888888888881', 100, 10, 20),
  ('e8888888-8888-8888-8888-888888888882', 150, 15, 30),
  ('e8888888-8888-8888-8888-888888888883', 120, 12, 25),
  ('e8888888-8888-8888-8888-888888888884', 140, 14, 30),
  ('e9999999-9999-9999-9999-999999999991', 80, 8, 15),
  ('e9999999-9999-9999-9999-999999999992', 100, 10, 20),
  ('e9999999-9999-9999-9999-999999999993', 75, 7, 15),
  ('e9999999-9999-9999-9999-999999999994', 90, 9, 18);

-- ========================
-- PANIERS
-- ========================
INSERT INTO panier (id, id_client, token, created_at, updated_at) VALUES
  ('d1111111-1111-1111-1111-111111111111', 'a1111111-1111-1111-1111-111111111111', 'TOKEN-SOPHIE-MARTIN-001', '2024-06-01 10:00:00+00', '2024-06-01 10:15:00+00'),
  ('d2222222-2222-2222-2222-222222222222', 'a2222222-2222-2222-2222-222222222222', 'TOKEN-THOMAS-DUBOIS-001', '2024-06-02 14:00:00+00', '2024-06-02 14:20:00+00'),
  ('d3333333-3333-3333-3333-333333333333', NULL, 'TOKEN-GUEST-1234567890', '2024-06-03 16:00:00+00', '2024-06-03 16:10:00+00');

-- ========================
-- LIGNES PANIER
-- ========================
INSERT INTO ligne_panier (id_panier, id_variante, quantite) VALUES
  ('d1111111-1111-1111-1111-111111111111', 'e3333333-3333-3333-3333-333333333333', 1),
  ('d1111111-1111-1111-1111-111111111111', 'e4444444-4444-4444-4444-444444444444', 1),
  ('d2222222-2222-2222-2222-222222222222', 'e1111111-1111-1111-1111-111111111111', 1),
  ('d2222222-2222-2222-2222-222222222222', 'e3333333-3333-3333-3333-333333333333', 2),
  ('d3333333-3333-3333-3333-333333333333', 'e8888888-8888-8888-8888-888888888882', 3),
  ('d3333333-3333-3333-3333-333333333333', 'e9999999-9999-9999-9999-999999999992', 2);

-- ========================
-- COMMANDES
-- ========================
INSERT INTO commande (id, ref, id_client, id_adr_fact, id_adr_livr, statut, total_ht, total_tva, total_ttc, created_at, paid_at) VALUES
  ('c1111111-1111-1111-1111-111111111111', 'CMD-2024-000001', 'a1111111-1111-1111-1111-111111111111', 'b1111111-1111-1111-1111-111111111111', 'b1111111-1111-1111-1111-111111111111', 'LIVREE', 2189.98, 437.99, 2627.97, '2024-05-01 10:00:00+00', '2024-05-01 10:05:00+00'),
  ('c2222222-2222-2222-2222-222222222222', 'CMD-2024-000002', 'a2222222-2222-2222-2222-222222222222', 'b3333333-3333-3333-3333-333333333333', 'b3333333-3333-3333-3333-333333333333', 'EXPEDIEE', 1799.99, 359.99, 2159.98, '2024-05-05 14:30:00+00', '2024-05-05 14:35:00+00'),
  ('c3333333-3333-3333-3333-333333333333', 'CMD-2024-000003', 'a3333333-3333-3333-3333-333333333333', 'b4444444-4444-4444-4444-444444444444', 'b4444444-4444-4444-4444-444444444444', 'PAYEE', 599.99, 119.99, 719.98, '2024-05-10 09:15:00+00', '2024-05-10 09:20:00+00'),
  ('c4444444-4444-4444-4444-444444444444', 'CMD-2024-000004', 'a4444444-4444-4444-4444-444444444444', 'b5555555-5555-5555-5555-555555555555', 'b5555555-5555-5555-5555-555555555555', 'EN_ATTENTE_PAIEMENT', 189.98, 37.99, 227.97, '2024-06-01 16:45:00+00', NULL),
  ('c5555555-5555-5555-5555-555555555555', 'CMD-2024-000005', 'a5555555-5555-5555-5555-555555555555', 'b6666666-6666-6666-6666-666666666666', 'b6666666-6666-6666-6666-666666666666', 'PREPAREE', 149.99, 29.99, 179.98, '2024-05-20 11:20:00+00', '2024-05-20 11:25:00+00');

-- ========================
-- LIGNES COMMANDE
-- ========================
INSERT INTO ligne_commande (id_commande, id_variante, libelle, quantite, prix_unitaire_ht, tva) VALUES
  ('c1111111-1111-1111-1111-111111111111', 'e1111111-1111-1111-1111-111111111111', 'MacBook Pro 14" - Gris sidéral - 512GB - 16GB', 1, 1999.99, 20.00),
  ('c1111111-1111-1111-1111-111111111111', 'e3333333-3333-3333-3333-333333333333', 'Souris Logitech MX Master 3 - Noir', 1, 99.99, 20.00),
  ('c1111111-1111-1111-1111-111111111111', 'e4444444-4444-4444-4444-444444444444', 'Clavier mécanique Keychron K2 - Gateron Brown - RGB', 1, 89.99, 20.00),
  ('c2222222-2222-2222-2222-222222222222', 'e2222222-2222-2222-2222-222222222222', 'Dell XPS 15 - Argent - 512GB - 16GB', 1, 1799.99, 20.00),
  ('c3333333-3333-3333-3333-333333333333', 'e7777777-7777-7777-7777-777777777777', 'Aspirateur Dyson V15 - Bleu', 1, 599.99, 20.00),
  ('c4444444-4444-4444-4444-444444444444', 'e8888888-8888-8888-8888-888888888882', 'T-shirt Coton Bio - M - Noir', 3, 24.99, 20.00),
  ('c4444444-4444-4444-4444-444444444444', 'e9999999-9999-9999-9999-999999999992', 'Robe d''été - M - Bleu', 2, 69.99, 20.00),
  ('c5555555-5555-5555-5555-555555555555', 'e5555555-5555-5555-5555-555555555555', 'Cafetière Nespresso - Noir', 1, 149.99, 20.00);

-- ========================
-- PAIEMENTS
-- ========================
INSERT INTO paiement (id, id_commande, mode, montant, statut, transaction_id, created_at) VALUES
  ('b1111111-1111-1111-1111-111111111111', 'c1111111-1111-1111-1111-111111111111', 'carte', 2627.97, 'CAPTURED', 'TXN-STRIPE-20240501-001', '2024-05-01 10:05:00+00'),
  ('b2222222-2222-2222-2222-222222222222', 'c2222222-2222-2222-2222-222222222222', 'faypal', 2159.98, 'CAPTURED', 'TXN-PAYPAL-20240505-001', '2024-05-05 14:35:00+00'),
  ('b3333333-3333-3333-3333-333333333333', 'c3333333-3333-3333-3333-333333333333', 'carte', 719.98, 'CAPTURED', 'TXN-STRIPE-20240510-001', '2024-05-10 09:20:00+00'),
  ('b4444444-4444-4444-4444-444444444444', 'c4444444-4444-4444-4444-444444444444', 'carte', 227.97, 'CREATED', NULL, '2024-06-01 16:45:00+00'),
  ('b5555555-5555-5555-5555-555555555555', 'c5555555-5555-5555-5555-555555555555', 'carte', 179.98, 'CAPTURED', 'TXN-STRIPE-20240520-001', '2024-05-20 11:25:00+00');

-- ========================
-- LIVRAISONS
-- ========================
INSERT INTO livraison (id, id_commande, transporteur, num_suivi, statut, cout_ht, expedie_at, livre_at) VALUES
  ('a1111111-1111-1111-1111-111111111111', 'c1111111-1111-1111-1111-111111111111', 'Colissimo', 'FR123456789001', 'LIVREE', 9.99, '2024-05-02 08:00:00+00', '2024-05-04 14:30:00+00'),
  ('a2222222-2222-2222-2222-222222222222', 'c2222222-2222-2222-2222-222222222222', 'DHL Express', 'DHL987654321001', 'EN_TRANSIT', 12.99, '2024-05-06 09:00:00+00', NULL),
  ('a3333333-3333-3333-3333-333333333333', 'c3333333-3333-3333-3333-333333333333', 'Colissimo', 'FR123456789002', 'EN_PREPARATION', 8.99, NULL, NULL),
  ('a5555555-5555-5555-5555-555555555555', 'c5555555-5555-5555-5555-555555555555', 'Chronopost', 'CHR456789123001', 'EXPEDIEE', 14.99, '2024-05-21 10:00:00+00', NULL);

-- ========================
-- PROMOTIONS
-- ========================
INSERT INTO promotion (id, libelle, type, valeur, date_debut, date_fin, actif) VALUES
  ('91111111-1111-1111-1111-111111111111', 'Soldes d''été -20%', 'PERCENT', 20.00, '2024-06-20 00:00:00+00', '2024-08-31 23:59:59+00', true),
  ('92222222-2222-2222-2222-222222222222', 'Black Friday -30%', 'PERCENT', 30.00, '2024-11-25 00:00:00+00', '2024-11-30 23:59:59+00', false),
  ('93333333-3333-3333-3333-333333333333', 'Réduction 50€', 'AMOUNT', 50.00, '2024-06-01 00:00:00+00', '2024-06-30 23:59:59+00', true),
  ('94444444-4444-4444-4444-444444444444', 'Informatique -15%', 'PERCENT', 15.00, '2024-05-01 00:00:00+00', '2024-12-31 23:59:59+00', true);

-- ========================
-- PRODUITS EN PROMOTION
-- ========================
INSERT INTO produit_promotion (id_produit, id_promo) VALUES
  ('f8888888-8888-8888-8888-888888888888', '91111111-1111-1111-1111-111111111111'),
  ('f9999999-9999-9999-9999-999999999999', '91111111-1111-1111-1111-111111111111'),
  ('f1111111-1111-1111-1111-111111111111', '94444444-4444-4444-4444-444444444444'),
  ('f2222222-2222-2222-2222-222222222222', '94444444-4444-4444-4444-444444444444'),
  ('f3333333-3333-3333-3333-333333333333', '94444444-4444-4444-4444-444444444444'),
  ('f4444444-4444-4444-4444-444444444444', '94444444-4444-4444-4444-444444444444'),
  ('f6666666-6666-6666-6666-666666666666', '93333333-3333-3333-3333-333333333333');
